"Title","Media URL","Pinterest board","Thumbnail","Description","Link","Publish date","Keywords"
"The Tree Trim Set","https://badger-and-bone.pages.dev/assets/img/tree-trim-set/tree-trim-set-1200.jpg","Gifts for dachshund owners","https://badger-and-bone.pages.dev/assets/img/tree-trim-set/tree-trim-set-1200.jpg","The Tree Trim Set — dachshund gift. Three name-drop ornaments, one coat, one box. $18 less than buying them one at a time. Three ornaments is the number that actually gets used. One for your tree, one for the box you hand someone in December, and one that ends up on a wreath or a gift you did not plan on giving. Each is the same metal ornament sold on…","https://badger-and-bone.pages.dev/p/tree-trim-set/?utm_source=pinterest&utm_medium=pin&utm_campaign=tree-trim-set_202609&utm_content=feed","","bundle, gift, christmas, ornament, dachshund, gift-set, best-value, dachshund gift, doxie, wiener dog"
"Red dachshund — The Tree Trim Set","https://badger-and-bone.pages.dev/assets/img/tree-trim-set/tree-trim-set-red-1200.jpg","Gifts for dachshund owners","https://badger-and-bone.pages.dev/assets/img/tree-trim-set/tree-trim-set-red-1200.jpg","Red dachshund gift — The Tree Trim Set. Three name-drop ornaments, one coat, one box. $18 less than buying them one at a time. Three ornaments is the number that actually gets used. One for your tree, one for the box you hand someone in December, and one that ends up on a wreath or a gift you did not plan on giving. Each is the same metal ornament sold on…","https://badger-and-bone.pages.dev/p/tree-trim-set/?utm_source=pinterest&utm_medium=pin&utm_campaign=tree-trim-set_202609&utm_content=feed&utm_term=red","","bundle, gift, christmas, ornament, dachshund, gift-set, best-value, dachshund gift, doxie, wiener dog, red dachshund"
"Black & Tan dachshund — The Tree Trim Set","https://badger-and-bone.pages.dev/assets/img/tree-trim-set/tree-trim-set-black-tan-1200.jpg","Gifts for dachshund owners","https://badger-and-bone.pages.dev/assets/img/tree-trim-set/tree-trim-set-black-tan-1200.jpg","Black & Tan dachshund gift — The Tree Trim Set. Three name-drop ornaments, one coat, one box. $18 less than buying them one at a time. Three ornaments is the number that actually gets used. One for your tree, one for the box you hand someone in December, and one that ends up on a wreath or a gift you did not plan on giving. Each is the same metal ornament sold on…","https://badger-and-bone.pages.dev/p/tree-trim-set/?utm_source=pinterest&utm_medium=pin&utm_campaign=tree-trim-set_202609&utm_content=feed&utm_term=black-tan","","bundle, gift, christmas, ornament, dachshund, gift-set, best-value, dachshund gift, doxie, wiener dog, black & tan dachshund"
"Chocolate & Tan dachshund — The Tree Trim Set","https://badger-and-bone.pages.dev/assets/img/tree-trim-set/tree-trim-set-chocolate-tan-1200.jpg","Gifts for dachshund owners","https://badger-and-bone.pages.dev/assets/img/tree-trim-set/tree-trim-set-chocolate-tan-1200.jpg","Chocolate & Tan dachshund gift — The Tree Trim Set. Three name-drop ornaments, one coat, one box. $18 less than buying them one at a time. Three ornaments is the number that actually gets used. One for your tree, one for the box you hand someone in December, and one that ends up on a wreath or a gift you did not plan on giving. Each is the same metal ornament sold on…","https://badger-and-bone.pages.dev/p/tree-trim-set/?utm_source=pinterest&utm_medium=pin&utm_campaign=tree-trim-set_202609&utm_content=feed&utm_term=chocolate-tan","","bundle, gift, christmas, ornament, dachshund, gift-set, best-value, dachshund gift, doxie, wiener dog, chocolate & tan dachshund"
"Cream dachshund — The Tree Trim Set","https://badger-and-bone.pages.dev/assets/img/tree-trim-set/tree-trim-set-cream-1200.jpg","Gifts for dachshund owners","https://badger-and-bone.pages.dev/assets/img/tree-trim-set/tree-trim-set-cream-1200.jpg","Cream dachshund gift — The Tree Trim Set. Three name-drop ornaments, one coat, one box. $18 less than buying them one at a time. Three ornaments is the number that actually gets used. One for your tree, one for the box you hand someone in December, and one that ends up on a wreath or a gift you did not plan on giving. Each is the same metal ornament sold on…","https://badger-and-bone.pages.dev/p/tree-trim-set/?utm_source=pinterest&utm_medium=pin&utm_campaign=tree-trim-set_202609&utm_content=feed&utm_term=cream","","bundle, gift, christmas, ornament, dachshund, gift-set, best-value, dachshund gift, doxie, wiener dog, cream dachshund"
"Dapple dachshund — The Tree Trim Set","https://badger-and-bone.pages.dev/assets/img/tree-trim-set/tree-trim-set-dapple-1200.jpg","Gifts for dachshund owners","https://badger-and-bone.pages.dev/assets/img/tree-trim-set/tree-trim-set-dapple-1200.jpg","Dapple dachshund gift — The Tree Trim Set. Three name-drop ornaments, one coat, one box. $18 less than buying them one at a time. Three ornaments is the number that actually gets used. One for your tree, one for the box you hand someone in December, and one that ends up on a wreath or a gift you did not plan on giving. Each is the same metal ornament sold on…","https://badger-and-bone.pages.dev/p/tree-trim-set/?utm_source=pinterest&utm_medium=pin&utm_campaign=tree-trim-set_202609&utm_content=feed&utm_term=dapple","","bundle, gift, christmas, ornament, dachshund, gift-set, best-value, dachshund gift, doxie, wiener dog, dapple dachshund"
"Wirehaired dachshund — The Tree Trim Set","https://badger-and-bone.pages.dev/assets/img/tree-trim-set/tree-trim-set-wirehaired-1200.jpg","Gifts for dachshund owners","https://badger-and-bone.pages.dev/assets/img/tree-trim-set/tree-trim-set-wirehaired-1200.jpg","Wirehaired dachshund gift — The Tree Trim Set. Three name-drop ornaments, one coat, one box. $18 less than buying them one at a time. Three ornaments is the number that actually gets used. One for your tree, one for the box you hand someone in December, and one that ends up on a wreath or a gift you did not plan on giving. Each is the same metal ornament sold on…","https://badger-and-bone.pages.dev/p/tree-trim-set/?utm_source=pinterest&utm_medium=pin&utm_campaign=tree-trim-set_202609&utm_content=feed&utm_term=wirehaired","","bundle, gift, christmas, ornament, dachshund, gift-set, best-value, dachshund gift, doxie, wiener dog, wirehaired dachshund"
"The Long Dog Gift Box","https://badger-and-bone.pages.dev/assets/img/starter-set/new-doxie-starter-set-1200.jpg","Gifts for dachshund owners","https://badger-and-bone.pages.dev/assets/img/starter-set/new-doxie-starter-set-1200.jpg","The Long Dog Gift Box — dachshund gift. Puzzle, mug and a coat sticker. $84 instead of $94, in up to 3 packages. The box you give someone who already has a dachshund and does not need another mug — except this is the mug with their actual dog on it, next to a puzzle that takes an evening and the sticker that ends up on their laptop. Three things that do…","https://badger-and-bone.pages.dev/p/new-doxie-starter-set/?utm_source=pinterest&utm_medium=pin&utm_campaign=new-doxie-starter-set_202609&utm_content=feed","","bundle, gift, gift-set, dachshund, puzzle, mug, best-value, dachshund gift, doxie, wiener dog"
"Red dachshund — The Long Dog Gift Box","https://badger-and-bone.pages.dev/assets/img/starter-set/new-doxie-starter-set-red-1200.jpg","Gifts for dachshund owners","https://badger-and-bone.pages.dev/assets/img/starter-set/new-doxie-starter-set-red-1200.jpg","Red dachshund gift — The Long Dog Gift Box. Puzzle, mug and a coat sticker. $84 instead of $94, in up to 3 packages. The box you give someone who already has a dachshund and does not need another mug — except this is the mug with their actual dog on it, next to a puzzle that takes an evening and the sticker that ends up on their laptop. Three things that do…","https://badger-and-bone.pages.dev/p/new-doxie-starter-set/?utm_source=pinterest&utm_medium=pin&utm_campaign=new-doxie-starter-set_202609&utm_content=feed&utm_term=red","","bundle, gift, gift-set, dachshund, puzzle, mug, best-value, dachshund gift, doxie, wiener dog, red dachshund"
"Black & Tan dachshund — The Long Dog Gift Box","https://badger-and-bone.pages.dev/assets/img/starter-set/new-doxie-starter-set-black-tan-1200.jpg","Gifts for dachshund owners","https://badger-and-bone.pages.dev/assets/img/starter-set/new-doxie-starter-set-black-tan-1200.jpg","Black & Tan dachshund gift — The Long Dog Gift Box. Puzzle, mug and a coat sticker. $84 instead of $94, in up to 3 packages. The box you give someone who already has a dachshund and does not need another mug — except this is the mug with their actual dog on it, next to a puzzle that takes an evening and the sticker that ends up on their laptop. Three things that do…","https://badger-and-bone.pages.dev/p/new-doxie-starter-set/?utm_source=pinterest&utm_medium=pin&utm_campaign=new-doxie-starter-set_202609&utm_content=feed&utm_term=black-tan","","bundle, gift, gift-set, dachshund, puzzle, mug, best-value, dachshund gift, doxie, wiener dog, black & tan dachshund"
"Chocolate & Tan dachshund — The Long Dog Gift Box","https://badger-and-bone.pages.dev/assets/img/starter-set/new-doxie-starter-set-chocolate-tan-1200.jpg","Gifts for dachshund owners","https://badger-and-bone.pages.dev/assets/img/starter-set/new-doxie-starter-set-chocolate-tan-1200.jpg","Chocolate & Tan dachshund gift — The Long Dog Gift Box. Puzzle, mug and a coat sticker. $84 instead of $94, in up to 3 packages. The box you give someone who already has a dachshund and does not need another mug — except this is the mug with their actual dog on it, next to a puzzle that takes an evening and the sticker that ends up on their laptop. Three things that do…","https://badger-and-bone.pages.dev/p/new-doxie-starter-set/?utm_source=pinterest&utm_medium=pin&utm_campaign=new-doxie-starter-set_202609&utm_content=feed&utm_term=chocolate-tan","","bundle, gift, gift-set, dachshund, puzzle, mug, best-value, dachshund gift, doxie, wiener dog, chocolate & tan dachshund"
"Cream dachshund — The Long Dog Gift Box","https://badger-and-bone.pages.dev/assets/img/starter-set/new-doxie-starter-set-cream-1200.jpg","Gifts for dachshund owners","https://badger-and-bone.pages.dev/assets/img/starter-set/new-doxie-starter-set-cream-1200.jpg","Cream dachshund gift — The Long Dog Gift Box. Puzzle, mug and a coat sticker. $84 instead of $94, in up to 3 packages. The box you give someone who already has a dachshund and does not need another mug — except this is the mug with their actual dog on it, next to a puzzle that takes an evening and the sticker that ends up on their laptop. Three things that do…","https://badger-and-bone.pages.dev/p/new-doxie-starter-set/?utm_source=pinterest&utm_medium=pin&utm_campaign=new-doxie-starter-set_202609&utm_content=feed&utm_term=cream","","bundle, gift, gift-set, dachshund, puzzle, mug, best-value, dachshund gift, doxie, wiener dog, cream dachshund"
"Dapple dachshund — The Long Dog Gift Box","https://badger-and-bone.pages.dev/assets/img/starter-set/new-doxie-starter-set-dapple-1200.jpg","Gifts for dachshund owners","https://badger-and-bone.pages.dev/assets/img/starter-set/new-doxie-starter-set-dapple-1200.jpg","Dapple dachshund gift — The Long Dog Gift Box. Puzzle, mug and a coat sticker. $84 instead of $94, in up to 3 packages. The box you give someone who already has a dachshund and does not need another mug — except this is the mug with their actual dog on it, next to a puzzle that takes an evening and the sticker that ends up on their laptop. Three things that do…","https://badger-and-bone.pages.dev/p/new-doxie-starter-set/?utm_source=pinterest&utm_medium=pin&utm_campaign=new-doxie-starter-set_202609&utm_content=feed&utm_term=dapple","","bundle, gift, gift-set, dachshund, puzzle, mug, best-value, dachshund gift, doxie, wiener dog, dapple dachshund"
"Wirehaired dachshund — The Long Dog Gift Box","https://badger-and-bone.pages.dev/assets/img/starter-set/new-doxie-starter-set-wirehaired-1200.jpg","Gifts for dachshund owners","https://badger-and-bone.pages.dev/assets/img/starter-set/new-doxie-starter-set-wirehaired-1200.jpg","Wirehaired dachshund gift — The Long Dog Gift Box. Puzzle, mug and a coat sticker. $84 instead of $94, in up to 3 packages. The box you give someone who already has a dachshund and does not need another mug — except this is the mug with their actual dog on it, next to a puzzle that takes an evening and the sticker that ends up on their laptop. Three things that do…","https://badger-and-bone.pages.dev/p/new-doxie-starter-set/?utm_source=pinterest&utm_medium=pin&utm_campaign=new-doxie-starter-set_202609&utm_content=feed&utm_term=wirehaired","","bundle, gift, gift-set, dachshund, puzzle, mug, best-value, dachshund gift, doxie, wiener dog, wirehaired dachshund"
"Name-Drop Ornament","https://badger-and-bone.pages.dev/assets/img/name-drop-ornament/name-drop-ornament-1200.jpg","Gifts for dachshund owners","https://badger-and-bone.pages.dev/assets/img/name-drop-ornament/name-drop-ornament-1200.jpg","Name-Drop Ornament — dachshund gift. Your dog’s coat and your dog’s name, 3.5″ of metal, printed both sides. The $12 ornament at the supermarket has a generic dog on it. This one has your dog’s coat and Otto 2026 on it, which is the difference between a decoration and the thing that comes out of the box first every December. Personalized ornaments are…","https://badger-and-bone.pages.dev/p/name-drop-ornament/?utm_source=pinterest&utm_medium=pin&utm_campaign=name-drop-ornament_202609&utm_content=feed","","gift, ornament, christmas, dachshund, personalized, under-30, dachshund gift, doxie, wiener dog"
"Red dachshund — Name-Drop Ornament","https://badger-and-bone.pages.dev/assets/img/name-drop-ornament/name-drop-ornament-red-1200.jpg","Gifts for dachshund owners","https://badger-and-bone.pages.dev/assets/img/name-drop-ornament/name-drop-ornament-red-1200.jpg","Red dachshund gift — Name-Drop Ornament. Your dog’s coat and your dog’s name, 3.5″ of metal, printed both sides. The $12 ornament at the supermarket has a generic dog on it. This one has your dog’s coat and Otto 2026 on it, which is the difference between a decoration and the thing that comes out of the box first every December. Personalized ornaments are…","https://badger-and-bone.pages.dev/p/name-drop-ornament/?utm_source=pinterest&utm_medium=pin&utm_campaign=name-drop-ornament_202609&utm_content=feed&utm_term=red","","gift, ornament, christmas, dachshund, personalized, under-30, dachshund gift, doxie, wiener dog, red dachshund"
"Black & Tan dachshund — Name-Drop Ornament","https://badger-and-bone.pages.dev/assets/img/name-drop-ornament/name-drop-ornament-black-tan-1200.jpg","Gifts for dachshund owners","https://badger-and-bone.pages.dev/assets/img/name-drop-ornament/name-drop-ornament-black-tan-1200.jpg","Black & Tan dachshund gift — Name-Drop Ornament. Your dog’s coat and your dog’s name, 3.5″ of metal, printed both sides. The $12 ornament at the supermarket has a generic dog on it. This one has your dog’s coat and Otto 2026 on it, which is the difference between a decoration and the thing that comes out of the box first every December. Personalized ornaments are…","https://badger-and-bone.pages.dev/p/name-drop-ornament/?utm_source=pinterest&utm_medium=pin&utm_campaign=name-drop-ornament_202609&utm_content=feed&utm_term=black-tan","","gift, ornament, christmas, dachshund, personalized, under-30, dachshund gift, doxie, wiener dog, black & tan dachshund"
"Chocolate & Tan dachshund — Name-Drop Ornament","https://badger-and-bone.pages.dev/assets/img/name-drop-ornament/name-drop-ornament-chocolate-tan-1200.jpg","Gifts for dachshund owners","https://badger-and-bone.pages.dev/assets/img/name-drop-ornament/name-drop-ornament-chocolate-tan-1200.jpg","Chocolate & Tan dachshund gift — Name-Drop Ornament. Your dog’s coat and your dog’s name, 3.5″ of metal, printed both sides. The $12 ornament at the supermarket has a generic dog on it. This one has your dog’s coat and Otto 2026 on it, which is the difference between a decoration and the thing that comes out of the box first every December. Personalized ornaments are…","https://badger-and-bone.pages.dev/p/name-drop-ornament/?utm_source=pinterest&utm_medium=pin&utm_campaign=name-drop-ornament_202609&utm_content=feed&utm_term=chocolate-tan","","gift, ornament, christmas, dachshund, personalized, under-30, dachshund gift, doxie, wiener dog, chocolate & tan dachshund"
"Cream dachshund — Name-Drop Ornament","https://badger-and-bone.pages.dev/assets/img/name-drop-ornament/name-drop-ornament-cream-1200.jpg","Gifts for dachshund owners","https://badger-and-bone.pages.dev/assets/img/name-drop-ornament/name-drop-ornament-cream-1200.jpg","Cream dachshund gift — Name-Drop Ornament. Your dog’s coat and your dog’s name, 3.5″ of metal, printed both sides. The $12 ornament at the supermarket has a generic dog on it. This one has your dog’s coat and Otto 2026 on it, which is the difference between a decoration and the thing that comes out of the box first every December. Personalized ornaments are…","https://badger-and-bone.pages.dev/p/name-drop-ornament/?utm_source=pinterest&utm_medium=pin&utm_campaign=name-drop-ornament_202609&utm_content=feed&utm_term=cream","","gift, ornament, christmas, dachshund, personalized, under-30, dachshund gift, doxie, wiener dog, cream dachshund"
"Dapple dachshund — Name-Drop Ornament","https://badger-and-bone.pages.dev/assets/img/name-drop-ornament/name-drop-ornament-dapple-1200.jpg","Gifts for dachshund owners","https://badger-and-bone.pages.dev/assets/img/name-drop-ornament/name-drop-ornament-dapple-1200.jpg","Dapple dachshund gift — Name-Drop Ornament. Your dog’s coat and your dog’s name, 3.5″ of metal, printed both sides. The $12 ornament at the supermarket has a generic dog on it. This one has your dog’s coat and Otto 2026 on it, which is the difference between a decoration and the thing that comes out of the box first every December. Personalized ornaments are…","https://badger-and-bone.pages.dev/p/name-drop-ornament/?utm_source=pinterest&utm_medium=pin&utm_campaign=name-drop-ornament_202609&utm_content=feed&utm_term=dapple","","gift, ornament, christmas, dachshund, personalized, under-30, dachshund gift, doxie, wiener dog, dapple dachshund"
"Wirehaired dachshund — Name-Drop Ornament","https://badger-and-bone.pages.dev/assets/img/name-drop-ornament/name-drop-ornament-wirehaired-1200.jpg","Gifts for dachshund owners","https://badger-and-bone.pages.dev/assets/img/name-drop-ornament/name-drop-ornament-wirehaired-1200.jpg","Wirehaired dachshund gift — Name-Drop Ornament. Your dog’s coat and your dog’s name, 3.5″ of metal, printed both sides. The $12 ornament at the supermarket has a generic dog on it. This one has your dog’s coat and Otto 2026 on it, which is the difference between a decoration and the thing that comes out of the box first every December. Personalized ornaments are…","https://badger-and-bone.pages.dev/p/name-drop-ornament/?utm_source=pinterest&utm_medium=pin&utm_campaign=name-drop-ornament_202609&utm_content=feed&utm_term=wirehaired","","gift, ornament, christmas, dachshund, personalized, under-30, dachshund gift, doxie, wiener dog, wirehaired dachshund"
"Coat Portrait Mug","https://badger-and-bone.pages.dev/assets/img/coat-portrait-mug/coat-portrait-mug-1200.jpg","Gifts for dachshund owners","https://badger-and-bone.pages.dev/assets/img/coat-portrait-mug/coat-portrait-mug-1200.jpg","Coat Portrait Mug — dachshund gift. Your exact dachshund, wrapped around a mug. Six coats, two sizes. The cheapest way to find out whether someone is a dachshund person: hand them this and watch them turn it around looking for their dog. They will find it. The Winston &amp; Bear mug is $16.99 with a generic dachshund on it. This is your dog’s coat…","https://badger-and-bone.pages.dev/p/coat-portrait-mug/?utm_source=pinterest&utm_medium=pin&utm_campaign=coat-portrait-mug_202609&utm_content=feed","","gift, mug, kitchen, dachshund, under-40, dachshund gift, doxie, wiener dog"
"Red dachshund — Coat Portrait Mug","https://badger-and-bone.pages.dev/assets/img/coat-portrait-mug/coat-portrait-mug-red-1200.jpg","Gifts for dachshund owners","https://badger-and-bone.pages.dev/assets/img/coat-portrait-mug/coat-portrait-mug-red-1200.jpg","Red dachshund gift — Coat Portrait Mug. Your exact dachshund, wrapped around a mug. Six coats, two sizes. The cheapest way to find out whether someone is a dachshund person: hand them this and watch them turn it around looking for their dog. They will find it. The Winston &amp; Bear mug is $16.99 with a generic dachshund on it. This is your dog’s coat…","https://badger-and-bone.pages.dev/p/coat-portrait-mug/?utm_source=pinterest&utm_medium=pin&utm_campaign=coat-portrait-mug_202609&utm_content=feed&utm_term=red","","gift, mug, kitchen, dachshund, under-40, dachshund gift, doxie, wiener dog, red dachshund"
"Black & Tan dachshund — Coat Portrait Mug","https://badger-and-bone.pages.dev/assets/img/coat-portrait-mug/coat-portrait-mug-black-tan-1200.jpg","Gifts for dachshund owners","https://badger-and-bone.pages.dev/assets/img/coat-portrait-mug/coat-portrait-mug-black-tan-1200.jpg","Black & Tan dachshund gift — Coat Portrait Mug. Your exact dachshund, wrapped around a mug. Six coats, two sizes. The cheapest way to find out whether someone is a dachshund person: hand them this and watch them turn it around looking for their dog. They will find it. The Winston &amp; Bear mug is $16.99 with a generic dachshund on it. This is your dog’s coat…","https://badger-and-bone.pages.dev/p/coat-portrait-mug/?utm_source=pinterest&utm_medium=pin&utm_campaign=coat-portrait-mug_202609&utm_content=feed&utm_term=black-tan","","gift, mug, kitchen, dachshund, under-40, dachshund gift, doxie, wiener dog, black & tan dachshund"
"Chocolate & Tan dachshund — Coat Portrait Mug","https://badger-and-bone.pages.dev/assets/img/coat-portrait-mug/coat-portrait-mug-chocolate-tan-1200.jpg","Gifts for dachshund owners","https://badger-and-bone.pages.dev/assets/img/coat-portrait-mug/coat-portrait-mug-chocolate-tan-1200.jpg","Chocolate & Tan dachshund gift — Coat Portrait Mug. Your exact dachshund, wrapped around a mug. Six coats, two sizes. The cheapest way to find out whether someone is a dachshund person: hand them this and watch them turn it around looking for their dog. They will find it. The Winston &amp; Bear mug is $16.99 with a generic dachshund on it. This is your dog’s coat…","https://badger-and-bone.pages.dev/p/coat-portrait-mug/?utm_source=pinterest&utm_medium=pin&utm_campaign=coat-portrait-mug_202609&utm_content=feed&utm_term=chocolate-tan","","gift, mug, kitchen, dachshund, under-40, dachshund gift, doxie, wiener dog, chocolate & tan dachshund"
"Cream dachshund — Coat Portrait Mug","https://badger-and-bone.pages.dev/assets/img/coat-portrait-mug/coat-portrait-mug-cream-1200.jpg","Gifts for dachshund owners","https://badger-and-bone.pages.dev/assets/img/coat-portrait-mug/coat-portrait-mug-cream-1200.jpg","Cream dachshund gift — Coat Portrait Mug. Your exact dachshund, wrapped around a mug. Six coats, two sizes. The cheapest way to find out whether someone is a dachshund person: hand them this and watch them turn it around looking for their dog. They will find it. The Winston &amp; Bear mug is $16.99 with a generic dachshund on it. This is your dog’s coat…","https://badger-and-bone.pages.dev/p/coat-portrait-mug/?utm_source=pinterest&utm_medium=pin&utm_campaign=coat-portrait-mug_202609&utm_content=feed&utm_term=cream","","gift, mug, kitchen, dachshund, under-40, dachshund gift, doxie, wiener dog, cream dachshund"
"Dapple dachshund — Coat Portrait Mug","https://badger-and-bone.pages.dev/assets/img/coat-portrait-mug/coat-portrait-mug-dapple-1200.jpg","Gifts for dachshund owners","https://badger-and-bone.pages.dev/assets/img/coat-portrait-mug/coat-portrait-mug-dapple-1200.jpg","Dapple dachshund gift — Coat Portrait Mug. Your exact dachshund, wrapped around a mug. Six coats, two sizes. The cheapest way to find out whether someone is a dachshund person: hand them this and watch them turn it around looking for their dog. They will find it. The Winston &amp; Bear mug is $16.99 with a generic dachshund on it. This is your dog’s coat…","https://badger-and-bone.pages.dev/p/coat-portrait-mug/?utm_source=pinterest&utm_medium=pin&utm_campaign=coat-portrait-mug_202609&utm_content=feed&utm_term=dapple","","gift, mug, kitchen, dachshund, under-40, dachshund gift, doxie, wiener dog, dapple dachshund"
"Wirehaired dachshund — Coat Portrait Mug","https://badger-and-bone.pages.dev/assets/img/coat-portrait-mug/coat-portrait-mug-wirehaired-1200.jpg","Gifts for dachshund owners","https://badger-and-bone.pages.dev/assets/img/coat-portrait-mug/coat-portrait-mug-wirehaired-1200.jpg","Wirehaired dachshund gift — Coat Portrait Mug. Your exact dachshund, wrapped around a mug. Six coats, two sizes. The cheapest way to find out whether someone is a dachshund person: hand them this and watch them turn it around looking for their dog. They will find it. The Winston &amp; Bear mug is $16.99 with a generic dachshund on it. This is your dog’s coat…","https://badger-and-bone.pages.dev/p/coat-portrait-mug/?utm_source=pinterest&utm_medium=pin&utm_campaign=coat-portrait-mug_202609&utm_content=feed&utm_term=wirehaired","","gift, mug, kitchen, dachshund, under-40, dachshund gift, doxie, wiener dog, wirehaired dachshund"
"11 oz dachshund — Coat Portrait Mug","https://badger-and-bone.pages.dev/assets/img/coat-portrait-mug/coat-portrait-mug-1200.jpg","Gifts for dachshund owners","https://badger-and-bone.pages.dev/assets/img/coat-portrait-mug/coat-portrait-mug-1200.jpg","11 oz dachshund gift — Coat Portrait Mug. Your exact dachshund, wrapped around a mug. Six coats, two sizes. The cheapest way to find out whether someone is a dachshund person: hand them this and watch them turn it around looking for their dog. They will find it. The Winston &amp; Bear mug is $16.99 with a generic dachshund on it. This is your dog’s coat…","https://badger-and-bone.pages.dev/p/coat-portrait-mug/?utm_source=pinterest&utm_medium=pin&utm_campaign=coat-portrait-mug_202609&utm_content=feed&utm_term=11oz","","gift, mug, kitchen, dachshund, under-40, dachshund gift, doxie, wiener dog, 11 oz dachshund"
"15 oz dachshund — Coat Portrait Mug","https://badger-and-bone.pages.dev/assets/img/coat-portrait-mug/coat-portrait-mug-1200.jpg","Gifts for dachshund owners","https://badger-and-bone.pages.dev/assets/img/coat-portrait-mug/coat-portrait-mug-1200.jpg","15 oz dachshund gift — Coat Portrait Mug. Your exact dachshund, wrapped around a mug. Six coats, two sizes. The cheapest way to find out whether someone is a dachshund person: hand them this and watch them turn it around looking for their dog. They will find it. The Winston &amp; Bear mug is $16.99 with a generic dachshund on it. This is your dog’s coat…","https://badger-and-bone.pages.dev/p/coat-portrait-mug/?utm_source=pinterest&utm_medium=pin&utm_campaign=coat-portrait-mug_202609&utm_content=feed&utm_term=15oz","","gift, mug, kitchen, dachshund, under-40, dachshund gift, doxie, wiener dog, 15 oz dachshund"
"The Long Dog Puzzle","https://badger-and-bone.pages.dev/assets/img/long-dog-puzzle/long-dog-puzzle-1200.jpg","Gifts for dachshund owners","https://badger-and-bone.pages.dev/assets/img/long-dog-puzzle/long-dog-puzzle-1200.jpg","The Long Dog Puzzle — dachshund gift. 252 pieces of long dog. The name prints on the box lid, not the picture. A 252-piece puzzle is an evening with the family, not a mug. It is the one thing in this catalogue that takes three hours of someone’s attention rather than three seconds of recognition. The composition is landscape and uses all six coats at…","https://badger-and-bone.pages.dev/p/long-dog-puzzle/?utm_source=pinterest&utm_medium=pin&utm_campaign=long-dog-puzzle_202609&utm_content=feed","","gift, puzzle, games, dachshund, family, dachshund gift, doxie, wiener dog"
"Coat Portrait Canvas","https://badger-and-bone.pages.dev/assets/img/coat-portrait-canvas/coat-portrait-canvas-1200.jpg","Gifts for dachshund owners","https://badger-and-bone.pages.dev/assets/img/coat-portrait-canvas/coat-portrait-canvas-1200.jpg","Coat Portrait Canvas — dachshund gift. A stretched canvas of your dog’s coat, 12×16 or 16×20, with the name if you want it. Crown &amp; Paw wants $79.95 for a canvas. West &amp; Willow’s median is $60 with most of its catalogue permanently on sale. The category p25 is $107 and the median $159.95 — so a $89 stretched canvas of your dog’s actual coat is the…","https://badger-and-bone.pages.dev/p/coat-portrait-canvas/?utm_source=pinterest&utm_medium=pin&utm_campaign=coat-portrait-canvas_202609&utm_content=feed","","gift, wall-art, canvas, dachshund, personalized, dachshund gift, doxie, wiener dog"
"Red dachshund — Coat Portrait Canvas","https://badger-and-bone.pages.dev/assets/img/coat-portrait-canvas/coat-portrait-canvas-red-1200.jpg","Gifts for dachshund owners","https://badger-and-bone.pages.dev/assets/img/coat-portrait-canvas/coat-portrait-canvas-red-1200.jpg","Red dachshund gift — Coat Portrait Canvas. A stretched canvas of your dog’s coat, 12×16 or 16×20, with the name if you want it. Crown &amp; Paw wants $79.95 for a canvas. West &amp; Willow’s median is $60 with most of its catalogue permanently on sale. The category p25 is $107 and the median $159.95 — so a $89 stretched canvas of your dog’s actual coat is the…","https://badger-and-bone.pages.dev/p/coat-portrait-canvas/?utm_source=pinterest&utm_medium=pin&utm_campaign=coat-portrait-canvas_202609&utm_content=feed&utm_term=red","","gift, wall-art, canvas, dachshund, personalized, dachshund gift, doxie, wiener dog, red dachshund"
"Black & Tan dachshund — Coat Portrait Canvas","https://badger-and-bone.pages.dev/assets/img/coat-portrait-canvas/coat-portrait-canvas-black-tan-1200.jpg","Gifts for dachshund owners","https://badger-and-bone.pages.dev/assets/img/coat-portrait-canvas/coat-portrait-canvas-black-tan-1200.jpg","Black & Tan dachshund gift — Coat Portrait Canvas. A stretched canvas of your dog’s coat, 12×16 or 16×20, with the name if you want it. Crown &amp; Paw wants $79.95 for a canvas. West &amp; Willow’s median is $60 with most of its catalogue permanently on sale. The category p25 is $107 and the median $159.95 — so a $89 stretched canvas of your dog’s actual coat is the…","https://badger-and-bone.pages.dev/p/coat-portrait-canvas/?utm_source=pinterest&utm_medium=pin&utm_campaign=coat-portrait-canvas_202609&utm_content=feed&utm_term=black-tan","","gift, wall-art, canvas, dachshund, personalized, dachshund gift, doxie, wiener dog, black & tan dachshund"
"Chocolate & Tan dachshund — Coat Portrait Canvas","https://badger-and-bone.pages.dev/assets/img/coat-portrait-canvas/coat-portrait-canvas-chocolate-tan-1200.jpg","Gifts for dachshund owners","https://badger-and-bone.pages.dev/assets/img/coat-portrait-canvas/coat-portrait-canvas-chocolate-tan-1200.jpg","Chocolate & Tan dachshund gift — Coat Portrait Canvas. A stretched canvas of your dog’s coat, 12×16 or 16×20, with the name if you want it. Crown &amp; Paw wants $79.95 for a canvas. West &amp; Willow’s median is $60 with most of its catalogue permanently on sale. The category p25 is $107 and the median $159.95 — so a $89 stretched canvas of your dog’s actual coat is the…","https://badger-and-bone.pages.dev/p/coat-portrait-canvas/?utm_source=pinterest&utm_medium=pin&utm_campaign=coat-portrait-canvas_202609&utm_content=feed&utm_term=chocolate-tan","","gift, wall-art, canvas, dachshund, personalized, dachshund gift, doxie, wiener dog, chocolate & tan dachshund"
"Cream dachshund — Coat Portrait Canvas","https://badger-and-bone.pages.dev/assets/img/coat-portrait-canvas/coat-portrait-canvas-cream-1200.jpg","Gifts for dachshund owners","https://badger-and-bone.pages.dev/assets/img/coat-portrait-canvas/coat-portrait-canvas-cream-1200.jpg","Cream dachshund gift — Coat Portrait Canvas. A stretched canvas of your dog’s coat, 12×16 or 16×20, with the name if you want it. Crown &amp; Paw wants $79.95 for a canvas. West &amp; Willow’s median is $60 with most of its catalogue permanently on sale. The category p25 is $107 and the median $159.95 — so a $89 stretched canvas of your dog’s actual coat is the…","https://badger-and-bone.pages.dev/p/coat-portrait-canvas/?utm_source=pinterest&utm_medium=pin&utm_campaign=coat-portrait-canvas_202609&utm_content=feed&utm_term=cream","","gift, wall-art, canvas, dachshund, personalized, dachshund gift, doxie, wiener dog, cream dachshund"
"Dapple dachshund — Coat Portrait Canvas","https://badger-and-bone.pages.dev/assets/img/coat-portrait-canvas/coat-portrait-canvas-dapple-1200.jpg","Gifts for dachshund owners","https://badger-and-bone.pages.dev/assets/img/coat-portrait-canvas/coat-portrait-canvas-dapple-1200.jpg","Dapple dachshund gift — Coat Portrait Canvas. A stretched canvas of your dog’s coat, 12×16 or 16×20, with the name if you want it. Crown &amp; Paw wants $79.95 for a canvas. West &amp; Willow’s median is $60 with most of its catalogue permanently on sale. The category p25 is $107 and the median $159.95 — so a $89 stretched canvas of your dog’s actual coat is the…","https://badger-and-bone.pages.dev/p/coat-portrait-canvas/?utm_source=pinterest&utm_medium=pin&utm_campaign=coat-portrait-canvas_202609&utm_content=feed&utm_term=dapple","","gift, wall-art, canvas, dachshund, personalized, dachshund gift, doxie, wiener dog, dapple dachshund"
"Wirehaired dachshund — Coat Portrait Canvas","https://badger-and-bone.pages.dev/assets/img/coat-portrait-canvas/coat-portrait-canvas-wirehaired-1200.jpg","Gifts for dachshund owners","https://badger-and-bone.pages.dev/assets/img/coat-portrait-canvas/coat-portrait-canvas-wirehaired-1200.jpg","Wirehaired dachshund gift — Coat Portrait Canvas. A stretched canvas of your dog’s coat, 12×16 or 16×20, with the name if you want it. Crown &amp; Paw wants $79.95 for a canvas. West &amp; Willow’s median is $60 with most of its catalogue permanently on sale. The category p25 is $107 and the median $159.95 — so a $89 stretched canvas of your dog’s actual coat is the…","https://badger-and-bone.pages.dev/p/coat-portrait-canvas/?utm_source=pinterest&utm_medium=pin&utm_campaign=coat-portrait-canvas_202609&utm_content=feed&utm_term=wirehaired","","gift, wall-art, canvas, dachshund, personalized, dachshund gift, doxie, wiener dog, wirehaired dachshund"
"12 × 16 in dachshund — Coat Portrait Canvas","https://badger-and-bone.pages.dev/assets/img/coat-portrait-canvas/coat-portrait-canvas-1200.jpg","Gifts for dachshund owners","https://badger-and-bone.pages.dev/assets/img/coat-portrait-canvas/coat-portrait-canvas-1200.jpg","12 × 16 in dachshund gift — Coat Portrait Canvas. A stretched canvas of your dog’s coat, 12×16 or 16×20, with the name if you want it. Crown &amp; Paw wants $79.95 for a canvas. West &amp; Willow’s median is $60 with most of its catalogue permanently on sale. The category p25 is $107 and the median $159.95 — so a $89 stretched canvas of your dog’s actual coat is the…","https://badger-and-bone.pages.dev/p/coat-portrait-canvas/?utm_source=pinterest&utm_medium=pin&utm_campaign=coat-portrait-canvas_202609&utm_content=feed&utm_term=12x16","","gift, wall-art, canvas, dachshund, personalized, dachshund gift, doxie, wiener dog, 12 × 16 in dachshund"
"16 × 20 in dachshund — Coat Portrait Canvas","https://badger-and-bone.pages.dev/assets/img/coat-portrait-canvas/coat-portrait-canvas-1200.jpg","Gifts for dachshund owners","https://badger-and-bone.pages.dev/assets/img/coat-portrait-canvas/coat-portrait-canvas-1200.jpg","16 × 20 in dachshund gift — Coat Portrait Canvas. A stretched canvas of your dog’s coat, 12×16 or 16×20, with the name if you want it. Crown &amp; Paw wants $79.95 for a canvas. West &amp; Willow’s median is $60 with most of its catalogue permanently on sale. The category p25 is $107 and the median $159.95 — so a $89 stretched canvas of your dog’s actual coat is the…","https://badger-and-bone.pages.dev/p/coat-portrait-canvas/?utm_source=pinterest&utm_medium=pin&utm_campaign=coat-portrait-canvas_202609&utm_content=feed&utm_term=16x20","","gift, wall-art, canvas, dachshund, personalized, dachshund gift, doxie, wiener dog, 16 × 20 in dachshund"
"Long Dog Anatomy Print","https://badger-and-bone.pages.dev/assets/img/long-dog-anatomy-print/long-dog-anatomy-print-1200.jpg","Gifts for dachshund owners","https://badger-and-bone.pages.dev/assets/img/long-dog-anatomy-print/long-dog-anatomy-print-1200.jpg","Long Dog Anatomy Print — dachshund gift. A proper anatomical plate of the long dog, 12×18 or 18×24, with a caption you can name. The $12.99 dachshund art on Amazon is clip art with a font on it. This is an anatomical plate — labelled, captioned, and drawn to a 3:1 dog rather than a generic one — and the Etsy premium tier for the same idea runs $61.88, which…","https://badger-and-bone.pages.dev/p/long-dog-anatomy-art-print/?utm_source=pinterest&utm_medium=pin&utm_campaign=long-dog-anatomy-art-print_202609&utm_content=feed","","gift, wall-art, print, dachshund, anatomy, dachshund gift, doxie, wiener dog"
"12 × 18 in dachshund — Long Dog Anatomy Print","https://badger-and-bone.pages.dev/assets/img/long-dog-anatomy-print/long-dog-anatomy-print-1200.jpg","Gifts for dachshund owners","https://badger-and-bone.pages.dev/assets/img/long-dog-anatomy-print/long-dog-anatomy-print-1200.jpg","12 × 18 in dachshund gift — Long Dog Anatomy Print. A proper anatomical plate of the long dog, 12×18 or 18×24, with a caption you can name. The $12.99 dachshund art on Amazon is clip art with a font on it. This is an anatomical plate — labelled, captioned, and drawn to a 3:1 dog rather than a generic one — and the Etsy premium tier for the same idea runs $61.88, which…","https://badger-and-bone.pages.dev/p/long-dog-anatomy-art-print/?utm_source=pinterest&utm_medium=pin&utm_campaign=long-dog-anatomy-art-print_202609&utm_content=feed&utm_term=12x18","","gift, wall-art, print, dachshund, anatomy, dachshund gift, doxie, wiener dog, 12 × 18 in dachshund"
"18 × 24 in dachshund — Long Dog Anatomy Print","https://badger-and-bone.pages.dev/assets/img/long-dog-anatomy-print/long-dog-anatomy-print-1200.jpg","Gifts for dachshund owners","https://badger-and-bone.pages.dev/assets/img/long-dog-anatomy-print/long-dog-anatomy-print-1200.jpg","18 × 24 in dachshund gift — Long Dog Anatomy Print. A proper anatomical plate of the long dog, 12×18 or 18×24, with a caption you can name. The $12.99 dachshund art on Amazon is clip art with a font on it. This is an anatomical plate — labelled, captioned, and drawn to a 3:1 dog rather than a generic one — and the Etsy premium tier for the same idea runs $61.88, which…","https://badger-and-bone.pages.dev/p/long-dog-anatomy-art-print/?utm_source=pinterest&utm_medium=pin&utm_campaign=long-dog-anatomy-art-print_202609&utm_content=feed&utm_term=18x24","","gift, wall-art, print, dachshund, anatomy, dachshund gift, doxie, wiener dog, 18 × 24 in dachshund"
"Pet-Paw Keepsake Ornament","https://badger-and-bone.pages.dev/assets/img/pet-paw-ornament/pet-paw-ornament-1200.jpg","Gifts for dachshund owners","https://badger-and-bone.pages.dev/assets/img/pet-paw-ornament/pet-paw-ornament-1200.jpg","Pet-Paw Keepsake Ornament — dachshund gift. A paw-shaped metal ornament, not a printed circle. Name and years if you want them. It is a paw-shaped die , not a printed circle. That is the visible reason this costs more than the round one, and it is the only reason we are offering. Per our print partner it is 3.5″ × 3.75″ aluminium at 0.04″ thick — noticeably…","https://badger-and-bone.pages.dev/p/pet-paw-ornament/?utm_source=pinterest&utm_medium=pin&utm_campaign=pet-paw-ornament_202609&utm_content=feed","","gift, ornament, keepsake, dachshund, personalized, dachshund gift, doxie, wiener dog"
"Long Dog Mini Print","https://badger-and-bone.pages.dev/assets/img/long-dog-mini-print/long-dog-mini-print-1200.jpg","Gifts for dachshund owners","https://badger-and-bone.pages.dev/assets/img/long-dog-mini-print/long-dog-mini-print-1200.jpg","Long Dog Mini Print — dachshund gift. A 5×7 matte print. The small one you add to the order you were making anyway. This is the $24 thing you add to reach free shipping, and we are not going to pretend otherwise. It is also a real US-printed 5×7 on 189 g/m² matte stock rather than a $12.99 poster that arrives creased. It is the entry rung of the art…","https://badger-and-bone.pages.dev/p/long-dog-mini-print/?utm_source=pinterest&utm_medium=pin&utm_campaign=long-dog-mini-print_202609&utm_content=feed","","gift, wall-art, print, dachshund, under-30, stocking-filler, dachshund gift, doxie, wiener dog"
"Coat Sticker","https://badger-and-bone.pages.dev/assets/img/coat-sticker/coat-sticker-1200.jpg","Gifts for dachshund owners","https://badger-and-bone.pages.dev/assets/img/coat-sticker/coat-sticker-1200.jpg","Coat Sticker — dachshund gift. 3″ kiss-cut vinyl in your coat. $6, added to an order you are already making. Six dollars, and it matches whatever else you are buying. Every dachshund store we looked at has a sticker wall — one of them stocks 101 of them — because this is the thing people add without thinking about it. Per our print partner: durable…","https://badger-and-bone.pages.dev/p/coat-sticker/?utm_source=pinterest&utm_medium=pin&utm_campaign=coat-sticker_202609&utm_content=feed","","sticker, dachshund, add-on, under-10, dachshund gift, doxie, wiener dog"
"Red dachshund — Coat Sticker","https://badger-and-bone.pages.dev/assets/img/coat-sticker/coat-sticker-red-1200.jpg","Gifts for dachshund owners","https://badger-and-bone.pages.dev/assets/img/coat-sticker/coat-sticker-red-1200.jpg","Red dachshund gift — Coat Sticker. 3″ kiss-cut vinyl in your coat. $6, added to an order you are already making. Six dollars, and it matches whatever else you are buying. Every dachshund store we looked at has a sticker wall — one of them stocks 101 of them — because this is the thing people add without thinking about it. Per our print partner: durable…","https://badger-and-bone.pages.dev/p/coat-sticker/?utm_source=pinterest&utm_medium=pin&utm_campaign=coat-sticker_202609&utm_content=feed&utm_term=red","","sticker, dachshund, add-on, under-10, dachshund gift, doxie, wiener dog, red dachshund"
"Black & Tan dachshund — Coat Sticker","https://badger-and-bone.pages.dev/assets/img/coat-sticker/coat-sticker-black-tan-1200.jpg","Gifts for dachshund owners","https://badger-and-bone.pages.dev/assets/img/coat-sticker/coat-sticker-black-tan-1200.jpg","Black & Tan dachshund gift — Coat Sticker. 3″ kiss-cut vinyl in your coat. $6, added to an order you are already making. Six dollars, and it matches whatever else you are buying. Every dachshund store we looked at has a sticker wall — one of them stocks 101 of them — because this is the thing people add without thinking about it. Per our print partner: durable…","https://badger-and-bone.pages.dev/p/coat-sticker/?utm_source=pinterest&utm_medium=pin&utm_campaign=coat-sticker_202609&utm_content=feed&utm_term=black-tan","","sticker, dachshund, add-on, under-10, dachshund gift, doxie, wiener dog, black & tan dachshund"
"Chocolate & Tan dachshund — Coat Sticker","https://badger-and-bone.pages.dev/assets/img/coat-sticker/coat-sticker-chocolate-tan-1200.jpg","Gifts for dachshund owners","https://badger-and-bone.pages.dev/assets/img/coat-sticker/coat-sticker-chocolate-tan-1200.jpg","Chocolate & Tan dachshund gift — Coat Sticker. 3″ kiss-cut vinyl in your coat. $6, added to an order you are already making. Six dollars, and it matches whatever else you are buying. Every dachshund store we looked at has a sticker wall — one of them stocks 101 of them — because this is the thing people add without thinking about it. Per our print partner: durable…","https://badger-and-bone.pages.dev/p/coat-sticker/?utm_source=pinterest&utm_medium=pin&utm_campaign=coat-sticker_202609&utm_content=feed&utm_term=chocolate-tan","","sticker, dachshund, add-on, under-10, dachshund gift, doxie, wiener dog, chocolate & tan dachshund"
"Cream dachshund — Coat Sticker","https://badger-and-bone.pages.dev/assets/img/coat-sticker/coat-sticker-cream-1200.jpg","Gifts for dachshund owners","https://badger-and-bone.pages.dev/assets/img/coat-sticker/coat-sticker-cream-1200.jpg","Cream dachshund gift — Coat Sticker. 3″ kiss-cut vinyl in your coat. $6, added to an order you are already making. Six dollars, and it matches whatever else you are buying. Every dachshund store we looked at has a sticker wall — one of them stocks 101 of them — because this is the thing people add without thinking about it. Per our print partner: durable…","https://badger-and-bone.pages.dev/p/coat-sticker/?utm_source=pinterest&utm_medium=pin&utm_campaign=coat-sticker_202609&utm_content=feed&utm_term=cream","","sticker, dachshund, add-on, under-10, dachshund gift, doxie, wiener dog, cream dachshund"
"Dapple dachshund — Coat Sticker","https://badger-and-bone.pages.dev/assets/img/coat-sticker/coat-sticker-dapple-1200.jpg","Gifts for dachshund owners","https://badger-and-bone.pages.dev/assets/img/coat-sticker/coat-sticker-dapple-1200.jpg","Dapple dachshund gift — Coat Sticker. 3″ kiss-cut vinyl in your coat. $6, added to an order you are already making. Six dollars, and it matches whatever else you are buying. Every dachshund store we looked at has a sticker wall — one of them stocks 101 of them — because this is the thing people add without thinking about it. Per our print partner: durable…","https://badger-and-bone.pages.dev/p/coat-sticker/?utm_source=pinterest&utm_medium=pin&utm_campaign=coat-sticker_202609&utm_content=feed&utm_term=dapple","","sticker, dachshund, add-on, under-10, dachshund gift, doxie, wiener dog, dapple dachshund"
"Wirehaired dachshund — Coat Sticker","https://badger-and-bone.pages.dev/assets/img/coat-sticker/coat-sticker-wirehaired-1200.jpg","Gifts for dachshund owners","https://badger-and-bone.pages.dev/assets/img/coat-sticker/coat-sticker-wirehaired-1200.jpg","Wirehaired dachshund gift — Coat Sticker. 3″ kiss-cut vinyl in your coat. $6, added to an order you are already making. Six dollars, and it matches whatever else you are buying. Every dachshund store we looked at has a sticker wall — one of them stocks 101 of them — because this is the thing people add without thinking about it. Per our print partner: durable…","https://badger-and-bone.pages.dev/p/coat-sticker/?utm_source=pinterest&utm_medium=pin&utm_campaign=coat-sticker_202609&utm_content=feed&utm_term=wirehaired","","sticker, dachshund, add-on, under-10, dachshund gift, doxie, wiener dog, wirehaired dachshund"
"Long Dog Car Magnet","https://badger-and-bone.pages.dev/assets/img/long-dog-car-magnet/long-dog-car-magnet-1200.jpg","Gifts for dachshund owners","https://badger-and-bone.pages.dev/assets/img/long-dog-car-magnet/long-dog-car-magnet-1200.jpg","Long Dog Car Magnet — dachshund gift. LONG DOG ON BOARD, or whatever you want it to say. $16, added to an order. The Amazon one is $7.99 with 474 reviews, so yes, you are paying double. What you get for it is the design you actually want on your car, at the $15.97 market median rather than the four-times-median $29 we used to charge for this — which was…","https://badger-and-bone.pages.dev/p/long-dog-car-magnet/?utm_source=pinterest&utm_medium=pin&utm_campaign=long-dog-car-magnet_202609&utm_content=feed","","magnet, car, dachshund, add-on, under-20, dachshund gift, doxie, wiener dog"
